﻿<?xml version="1.0" encoding="utf-8" ?>
<NewDataSet>
  <IndiaFailedTrade>
    <ID>1</ID>
    <X-Axis_Position>14</X-Axis_Position>
    <Y-Axis_Position>56</Y-Axis_Position>
    <Width>100</Width>
    <Height>20</Height>
    <File_Path>GDC_Opics_First</File_Path>
    <Action>Lclick</Action>
    <Wait_Second>4000</Wait_Second>
    <Reason>Top Box Select</Reason>
  </IndiaFailedTrade>
  <IndiaFailedTrade>
    <ID>2</ID>
    <X-Axis_Position>14</X-Axis_Position>
    <Y-Axis_Position>56</Y-Axis_Position>
    <Width>100</Width>
    <Height>20</Height>
    <File_Path>GDC_Opics_First</File_Path>
    <Action>Passvalue</Action>
    <Wait_Second>4000</Wait_Second>
    <Reason>Pass grss Value</Reason>
  </IndiaFailedTrade>
  <IndiaFailedTrade>
    <ID>3</ID>
    <X-Axis_Position>110</X-Axis_Position>
    <Y-Axis_Position>57</Y-Axis_Position>
    <Width>100</Width>
    <Height>20</Height>
    <File_Path>GDC_Opics_First</File_Path>
    <Action>Lclick</Action>
    <Wait_Second>4000</Wait_Second>
    <Reason>EnterButton Click</Reason>
  </IndiaFailedTrade>
  <IndiaFailedTrade>
    <ID>4</ID>
    <X-Axis_Position>130</X-Axis_Position>
    <Y-Axis_Position>80</Y-Axis_Position>
    <Width>100</Width>
    <Height>20</Height>
    <File_Path>GDC_Opics_First</File_Path>
    <Action>Lclick</Action>
    <Wait_Second>4000</Wait_Second>
    <Reason>Click Clear Query</Reason>
  </IndiaFailedTrade>
  <IndiaFailedTrade>
    <ID>5</ID>
    <X-Axis_Position>321</X-Axis_Position>
    <Y-Axis_Position>193</Y-Axis_Position>
    <Width>100</Width>
    <Height>20</Height>
    <File_Path>GDC_Opics_First</File_Path>
    <Action>Lclick</Action>
    <Wait_Second>4000</Wait_Second>
    <Reason>Query Text Box</Reason>
  </IndiaFailedTrade>
  <IndiaFailedTrade>
    <ID>6</ID>
    <X-Axis_Position>321</X-Axis_Position>
    <Y-Axis_Position>193</Y-Axis_Position>
    <Width>100</Width>
    <Height>20</Height>
    <File_Path>GDC_Opics_First</File_Path>
    <Action>Passvalue</Action>
    <Wait_Second>4000</Wait_Second>
    <Reason>Passing  Query in textbox</Reason>
  </IndiaFailedTrade>
  <IndiaFailedTrade>
    <ID>7</ID>
    <X-Axis_Position>48</X-Axis_Position>
    <Y-Axis_Position>79</Y-Axis_Position>
    <Width>100</Width>
    <Height>20</Height>
    <File_Path>GDC_Opics_First</File_Path>
    <Action>Lclick</Action>
    <Wait_Second>6000</Wait_Second>
    <Reason>Click Run Query</Reason>
  </IndiaFailedTrade>
  <IndiaFailedTrade>
    <ID>8</ID>
    <X-Axis_Position>764</X-Axis_Position>
    <Y-Axis_Position>161</Y-Axis_Position>
    <Width>100</Width>
    <Height>20</Height>
    <File_Path>GDC_Opics_First</File_Path>
    <Action>Alt+X+E</Action>
    <Wait_Second>7000</Wait_Second>
    <Reason>Maximize the Export</Reason>
  </IndiaFailedTrade>
  <IndiaFailedTrade>
    <ID>10</ID>
    <X-Axis_Position>203</X-Axis_Position>
    <Y-Axis_Position>337</Y-Axis_Position>
    <Width>100</Width>
    <Height>20</Height>
    <File_Path>GDC_Opics_First</File_Path>
    <Action>Passvalue</Action>
    <Wait_Second>3000</Wait_Second>
    <Reason>pass the value to file save</Reason>
  </IndiaFailedTrade>
  <IndiaFailedTrade>
    <ID>11</ID>
    <X-Axis_Position>203</X-Axis_Position>
    <Y-Axis_Position>337</Y-Axis_Position>
    <Width>100</Width>
    <Height>20</Height>
    <File_Path>GDC_Opics_First</File_Path>
    <Action>2Tab+Enter</Action>
    <Wait_Second>120000</Wait_Second>
    <Reason>To Download prn file</Reason>
  </IndiaFailedTrade>
  <IndiaFailedTrade>
    <ID>12</ID>
    <X-Axis_Position>650</X-Axis_Position>
    <Y-Axis_Position>28</Y-Axis_Position>
    <Width>100</Width>
    <Height>20</Height>
    <File_Path>GDC_Opics_First</File_Path>
    <Action>Lclick</Action>
    <Wait_Second>4000</Wait_Second>
    <Reason>Activate Export Excel Window</Reason>
  </IndiaFailedTrade>
  <IndiaFailedTrade>
    <ID>14</ID>
    <X-Axis_Position>96</X-Axis_Position>
    <Y-Axis_Position>150</Y-Axis_Position>
    <Width>100</Width>
    <Height>20</Height>
    <File_Path>GDC_Opics_First</File_Path>
    <Action>Alt+F+A</Action>
    <Wait_Second>30000</Wait_Second>
    <Reason>Click on saveAs in Excel File</Reason>
  </IndiaFailedTrade>
  <IndiaFailedTrade>
    <ID>15</ID>
    <X-Axis_Position>495</X-Axis_Position>
    <Y-Axis_Position>503</Y-Axis_Position>
    <Width>100</Width>
    <Height>20</Height>
    <File_Path>GDC_Opics_First</File_Path>
    <Action>Delete</Action>
    <Wait_Second>4000</Wait_Second>
    <Reason>Click on FileName in Excel</Reason>
  </IndiaFailedTrade>
  <IndiaFailedTrade>
    <ID>16</ID>
    <X-Axis_Position>476</X-Axis_Position>
    <Y-Axis_Position>503</Y-Axis_Position>
    <Width>100</Width>
    <Height>20</Height>
    <File_Path>GDC_Opics_First</File_Path>
    <Action>Passvalue</Action>
    <Wait_Second>4000</Wait_Second>
    <Reason>Pass FileName to Excel</Reason>
  </IndiaFailedTrade>
  <IndiaFailedTrade>
    <ID>20</ID>
    <X-Axis_Position>755</X-Axis_Position>
    <Y-Axis_Position>503</Y-Axis_Position>
    <Width>100</Width>
    <Height>20</Height>
    <File_Path>GDC_Opics_First</File_Path>
    <Action>Save+Yes</Action>
    <Wait_Second>35000</Wait_Second>
    <Reason>Click on Save Button of Excel</Reason>
  </IndiaFailedTrade>
  <IndiaFailedTrade>
    <ID>21</ID>
    <X-Axis_Position>1005</X-Axis_Position>
    <Y-Axis_Position>10</Y-Axis_Position>
    <Width>100</Width>
    <Height>20</Height>
    <File_Path>GDC_Opics_First</File_Path>
    <Action>Lclick</Action>
    <Wait_Second>5000</Wait_Second>
    <Reason>Close Excel File</Reason>
  </IndiaFailedTrade>
  <IndiaFailedTrade>
    <ID>22</ID>
    <X-Axis_Position>514</X-Axis_Position>
    <Y-Axis_Position>422</Y-Axis_Position>
    <Width>100</Width>
    <Height>20</Height>
    <File_Path>GDC_Opics_First</File_Path>
    <Action>Pass-N</Action>
    <Wait_Second>4000</Wait_Second>
    <Reason>Click No in Popup window</Reason>
  </IndiaFailedTrade>
  <IndiaFailedTrade>
    <ID>23</ID>
    <X-Axis_Position>20</X-Axis_Position>
    <Y-Axis_Position>31</Y-Axis_Position>
    <Width>100</Width>
    <Height>20</Height>
    <File_Path>GDC_Opics_First</File_Path>
    <Action>Alt+Q</Action>
    <Wait_Second>4000</Wait_Second>
    <Reason>Iqiqs Excel Close Click</Reason>
  </IndiaFailedTrade>
  <IndiaFailedTrade>
    <ID>24</ID>
    <X-Axis_Position>37</X-Axis_Position>
    <Y-Axis_Position>32</Y-Axis_Position>
    <Width>100</Width>
    <Height>20</Height>
    <File_Path>GDC_Opics_First</File_Path>
    <Action>Lclick</Action>
    <Wait_Second>4000</Wait_Second>
    <Reason>GRSS Quit Button Click</Reason>
  </IndiaFailedTrade>
  <IndiaFailedTrade>
    <ID>25</ID>
    <X-Axis_Position>71</X-Axis_Position>
    <Y-Axis_Position>73</Y-Axis_Position>
    <Width>100</Width>
    <Height>20</Height>
    <File_Path>GDC_Opics_First</File_Path>
    <Action>Lclick</Action>
    <Wait_Second>4000</Wait_Second>
    <Reason>GRSS Back Menu Button Click</Reason>
  </IndiaFailedTrade>
</NewDataSet>